"cycle","state","modeldate","candidate_name","startdate","enddate","pollster","samplesize","population","weight","influence","pct","house_adjusted_pct","trend_and_house_adjusted_pct","tracking","poll_id","question_id"
2020,"PA",44138,"josephrbidenjr","44095",44100,"abcnewsthewashingtonpost",568,"lv",1.245238,0,54,53.25167,53.8772,NA,70024,130435
2020,"NC",44138,"josephrbidenjr","44116",44121,"abcnewsthewashingtonpost",646,"lv",1.407856,0.4391763,49.5,49.22849,49.18126,NA,71441,133793
2020,"PA",44138,"josephrbidenjr","44069",44075,"algresearch",500,"lv",0.6473723,0,50,49.87816,51.00852,NA,70092,130584
2020,"NC",44138,"josephrbidenjr","44096",44102,"algresearch",822,"v",0.6241342,0,50,48.70365,49.34225,NA,70106,130600
2020,"PA",44138,"josephrbidenjr","44104",44112,"baldwinwallaceuniversity",1140,"lv",0.791219,0.1186829,49.6,50.42418,99,NA,70721,132290
2020,"PA",44138,"josephrbidenjr","44082",44096,"baldwinwallaceuniversity",1012,"lv",0.7620288,0,47.3,48.12308,49.02236,NA,69702,129962
2020,"PA",44138,"josephrbidenjr","44071",44082,"benensonstrategygroupgsstrategygroup",1600,"lv",2.26868,0,49,49.23656,50.30337,NA,68581,128408
2020,"NC",44138,"josephrbidenjr","44071",44082,"benensonstrategygroupgsstrategygroup",1600,"lv",2.26868,0,48,47.91197,49.01786,NA,68576,128402
2020,"NC",44138,"josephrbidenjr","44034",44036,"cardinalpointanalyticscardinalgps",735,"lv",0.7352689,0,46.8,47.41267,48.60242,NA,67834,126975
2020,"NC",44138,"josephrbidenjr","44025",44027,"cardinalpointanalyticscardinalgps",547,"lv",0.5816114,0,47.7,48.31337,49.52461,NA,67586,126453
2020,"PA",44138,"josephrbidenjr","44120",44123,"changeresearch",574,"lv",0.5338545,0.2114914,49,49.48966,49.41466,NA,71523,133961
2020,"PA",44138,"josephrbidenjr","44106",44108,"changeresearch",468,"lv",0.547435,0.0533378,50,50.48972,50.62025,NA,70608,132013
2020,"PA",44138,"josephrbidenjr","44092",44094,"changeresearch",579,"lv",0.5571989,0,49,49.48966,50.28988,NA,69685,129907
2020,"PA",44138,"josephrbidenjr","44078",44080,"changeresearch",829,"lv",0.7047589,0,50,50.48972,51.55084,NA,68537,128312
2020,"PA",44138,"josephrbidenjr","44064",44066,"changeresearch",984,"lv",0.8284237,0,49,49.48966,50.62167,NA,68208,127745
2020,"PA",44138,"josephrbidenjr","44050",44052,"changeresearch",456,"lv",0.5331308,0,48,48.48935,49.51677,NA,68015,127366
2020,"PA",44138,"josephrbidenjr","44036",44038,"changeresearch",382,"lv",0.4084386,0,48,48.48935,49.68142,NA,67812,126906
2020,"PA",44138,"josephrbidenjr","44022",44024,"changeresearch",743,"lv",0.6155448,0,50,50.48972,51.77295,NA,67091,125354
2020,"NC",44138,"josephrbidenjr","44120",44123,"changeresearch",521,"lv",0.5323088,0.1919713,50,49.92628,49.85628,NA,71522,133960
2020,"NC",44138,"josephrbidenjr","44106",44108,"changeresearch",396,"lv",0.4976829,0.0064367,49,48.9263,49.05155,NA,70607,132012
2020,"NC",44138,"josephrbidenjr","44092",44094,"changeresearch",579,"lv",0.5966712,0,48,47.92636,48.77554,NA,69684,129906
2020,"NC",44138,"josephrbidenjr","44078",44080,"changeresearch",442,"lv",0.5026088,0,49,48.9263,50.028,NA,68536,128311
2020,"NC",44138,"josephrbidenjr","44064",44066,"changeresearch",560,"lv",0.6481425,0,48,47.92636,49.05305,NA,68207,127744
2020,"NC",44138,"josephrbidenjr","44050",44052,"changeresearch",491,"lv",0.5680547,0,47,46.92645,47.9892,NA,68014,127365
2020,"NC",44138,"josephrbidenjr","44036",44038,"changeresearch",284,"lv",0.3340968,0,49,48.9263,50.09818,NA,67811,126905
2020,"NC",44138,"josephrbidenjr","44022",44024,"changeresearch",655,"lv",0.6103566,0,47,46.92645,48.11309,NA,67090,125353
2020,"NC",44138,"josephrbidenjr","44008",44010,"changeresearch",468,"lv",0.4795664,0,51,50.9263,51.97267,NA,66959,125032
2020,"PA",44138,"josephrbidenjr","44121",44124,"citizendata",1000,"lv",0.8386342,0.3767777,43.99,45.70989,45.65656,NA,72185,135395
2020,"NC",44138,"josephrbidenjr","44121",44124,"citizendata",1000,"lv",0.8386342,0.3464956,50.15,49.93648,49.888,NA,72183,135393
2020,"PA",44138,"josephrbidenjr","44127",44130,"civiqs",1145,"lv",0.8875721,0.6865926,52,50.96398,50.92224,NA,72039,135049
2020,"PA",44138,"josephrbidenjr","43888",43893,"civiqs",2462,"a",0.9992957,0,46,46.68612,48.88914,NA,71656,134242
2020,"PA",44138,"josephrbidenjr","43904",43908,"civiqs",1589,"a",0.7600638,0,46,46.68612,49.02021,NA,71655,134241
2020,"PA",44138,"josephrbidenjr","43925",43929,"civiqs",1912,"a",0.9893469,0,47,47.68723,50.31694,NA,71654,134240
2020,"PA",44138,"josephrbidenjr","43981",43984,"civiqs",2045,"a",0.8522091,0,49,49.68839,51.34432,NA,71653,134239
2020,"PA",44138,"josephrbidenjr","43988",43993,"civiqs",1221,"a",0.5665522,0,49,49.68839,51.02766,NA,71652,134238
2020,"PA",44138,"josephrbidenjr","44121",44125,"civiqs",1577,"a",0.6416456,0.2702048,52,52.6875,52.60624,NA,71651,134237
2020,"PA",44138,"josephrbidenjr","44112",44115,"civiqs",600,"lv",0.4137503,0.1009629,52,50.48113,50.44353,NA,71104,133107
2020,"PA",44138,"josephrbidenjr","44085",44089,"civiqs",549,"rv",0.5378139,0,52,51.36915,52.31794,NA,69537,129546
2020,"PA",44138,"josephrbidenjr","44056",44060,"civiqs",617,"rv",0.5686046,0,51,50.36877,51.33498,NA,68148,127645
2020,"NC",44138,"josephrbidenjr","44115",NA,"civiqs",1211,"lv",1.037819,0.2824152,51,50.05919,50.01477,NA,71070,133032
2020,"PA",44138,"josephrbidenjr","44082",44085,"climatenexus",659,"rv",0.6591295,0,48,49.10949,50.1032,NA,69559,129592
2020,"PA",44138,"josephrbidenjr","44089",44091,"cpec",820,"lv",0.6651533,0,50.3,50.25144,51.13179,NA,69704,129973
2020,"NC",44138,"josephrbidenjr","44119",44122,"dataforprogress",929,"lv",0.6487843,0.2074012,48,47.006,46.95403,NA,71752,134442
2020,"NC",44138,"josephrbidenjr","44104",44109,"dataforprogress",1285,"lv",0.8660193,0.0112307,51,50.00449,50.14535,NA,70657,132125
2020,"NC",44138,"josephrbidenjr","44036",44045,"dataforprogress",1170,"lv",1.227438,0,47.5,47.13413,48.28976,NA,67937,127192
2020,"NC",44138,"josephrbidenjr","44131",44132,"eastcarolinauniversity",1103,"lv",1.042639,0.939135,50.32,50.39392,50.39997,NA,72332,135709
2020,"NC",44138,"josephrbidenjr","44119",44122,"eastcarolinauniversity",1155,"lv",0.9392156,0.3056913,50.6,50.67391,50.6295,NA,71452,133822
2020,"NC",44138,"josephrbidenjr","44106",44108,"eastcarolinauniversity",1232,"lv",1.098552,0.0142136,50.4,50.47392,50.62245,NA,70614,132028
2020,"NC",44138,"josephrbidenjr","44072",44073,"eastcarolinauniversity",1101,"lv",1.125847,0,46.6,46.67371,47.85116,NA,68307,127932
2020,"NC",44138,"josephrbidenjr","44055",44056,"eastcarolinauniversity",1255,"rv",1.121653,0,46.5,47.4599,48.47969,NA,68076,127504
2020,"NC",44138,"josephrbidenjr","44004",44007,"eastcarolinauniversity",1149,"rv",1.077109,0,45.1,46.05733,47.10093,NA,66953,125022
2020,"PA",44138,"josephrbidenjr","44108",44109,"emersoncollege",688,"lv",99,0.1640431,50.8,49.94432,50.0448,NA,70620,132039
2020,"PA",44138,"josephrbidenjr","44051",44053,"emersoncollege",843,"lv",1.436415,0,53.31,52.4561,53.4774,NA,68007,127354
2020,"NC",44138,"josephrbidenjr","44117",NA,"emersoncollege",721,"lv",1.202496,0.3440265,49.2,48.7036,48.64693,NA,71161,133223
2020,"NC",44138,"josephrbidenjr","44090",44092,"emersoncollege",717,"lv",1.27042,NA,50.81,50.31351,51.2321,NA,69570,129616
2020,"NC",44138,"josephrbidenjr","44051",44053,"emersoncollege",673,"lv",1.209291,0,49.41,48.91355,49.97494,NA,68006,127353
2020,"PA",44138,"josephrbidenjr","44121",44124,"foxnewsbeaconresearchshawcoresearch",1045,"lv",1.7732,0.796655,50,49.68164,49.60559,NA,71627,134185
2020,"PA",44138,"josephrbidenjr","44094",44097,"foxnewsbeaconresearchshawcoresearch",856,"lv",1.524044,0,51,50.6817,51.38206,NA,69962,130284
2020,"PA",44138,"josephrbidenjr","44030",44032,"foxnewsbeaconresearchshawcoresearch",793,"rv",1.283909,0,50,50.56985,51.82428,NA,67647,126563
2020,"NC",44138,"josephrbidenjr","44072",44075,"foxnewsbeaconresearchshawcoresearch",722,"lv",1.331984,0,50,50.00501,51.18423,NA,68339,128019
2020,"NC",44138,"josephrbidenjr","44002",44005,"foxnewsbeaconresearchshawcoresearch",1012,"rv",1.557636,0,47,47.89174,48.94084,NA,66918,124955
2020,"PA",44138,"josephrbidenjr","44123",44129,"franklinmarshallcollege",558,"lv",0.8776745,0.5393246,50,50.0958,50.03267,NA,72172,135367
2020,"PA",44138,"josephrbidenjr","44088",44094,"franklinmarshallcollege",480,"lv",0.7896083,0,48,48.09571,48.95696,NA,69708,129978
2020,"PA",44138,"josephrbidenjr","44060",44066,"franklinmarshallcollege",681,"rv",0.9141793,0,49,49.98394,51.0765,NA,68221,127781
2020,"PA",44138,"josephrbidenjr","44032",44038,"franklinmarshallcollege",667,"rv",0.90144,0,50,50.98394,52.20291,NA,67836,126979
2020,"PA",44138,"josephrbidenjr","44091",44093,"garinhartyangresearchgroup",400,"lv",0.565323,0,53,51.22491,52.05267,NA,69984,130329
2020,"NC",44138,"josephrbidenjr","44098",44101,"garinhartyangresearchgroup",400,"lv",0.565323,0,49,47.71228,48.32658,NA,70133,130664
2020,"NC",44138,"josephrbidenjr","43934",43937,"gbao",500,"lv",0.8061572,0,48,47.87635,49.98863,NA,67053,125282
2020,"PA",44138,"josephrbidenjr","44056",44062,"globalstrategygroup",801,"rv",0.5862823,0,51.5,50.68467,51.70432,NA,68264,127876
2020,"PA",44138,"josephrbidenjr","44063",44067,"gqrresearchgqrr",500,"lv",0.7012613,0,52,50.22805,51.35049,NA,68259,127869
2020,"PA",44138,"josephrbidenjr","44127",44127,"gravismarketing",602,"lv",0.7624036,0.5524664,51,51.23043,51.19273,NA,71824,134618
2020,"PA",44138,"josephrbidenjr","44034",44036,"gravismarketing",1006,"lv",0.9798656,0,48,48.2303,49.45415,NA,67659,126662
2020,"NC",44138,"josephrbidenjr","44130",44131,"gravismarketing",614,"lv",0.7707279,0.6702192,49,49.5144,49.51551,NA,72153,135302
2020,"NC",44138,"josephrbidenjr","44126",44129,"harperpolling",504,"lv",0.8616698,0.5807495,47,48.61436,48.53727,NA,72139,135268
2020,"NC",44138,"josephrbidenjr","44091",44094,"harperpolling",612,"lv",0.9923094,0,44,45.60521,46.42874,NA,69650,129955
2020,"NC",44138,"josephrbidenjr","44049",44053,"harperpolling",600,"lv",0.9784637,0,45,46.60909,47.6485,NA,68051,127443
2020,"PA",44138,"josephrbidenjr","44116",44119,"harrisinsightsanalytics",992,"lv",0.8644356,0.2780062,51,51.1684,51.11764,NA,71179,133261
2020,"PA",44138,"josephrbidenjr","44130",44133,"harrisinsightsanalytics",901,"lv",0.8972869,0.77323,51,51.1684,51.16853,NA,72237,135523
2020,"NC",44138,"josephrbidenjr","44035",44043,"hitstrategies",400,"rv",0.4186061,0,47,46.58477,47.74956,NA,67983,127298
2020,"PA",44138,"josephrbidenjr","44069",44074,"hodasassociates",600,"lv",0.7015365,0,51.12,51.61408,52.70861,NA,68484,128205
2020,"PA",44138,"josephrbidenjr","44029",44034,"hodasassociates",600,"lv",0.7015365,0,50.83,51.32417,52.52066,NA,67907,127130
2020,"PA",44138,"josephrbidenjr","44098",44100,"ibdtipp",774,"lv",1.443998,0,49.7,50.01836,50.61081,NA,70001,130391
2020,"PA",44138,"josephrbidenjr","44124",44130,"ipsos",655,"lv",0.641071,0.4034152,50.5,50.94361,50.88847,NA,71976,134925
2020,"PA",44138,"josephrbidenjr","44117",44123,"ipsos",653,"lv",0.6370794,0.2105985,49,49.4436,49.38496,NA,71379,133664
2020,"PA",44138,"josephrbidenjr","44110",44115,"ipsos",622,"lv",0.6545612,0.1295789,51,51.4435,51.46373,NA,70741,132339
2020,"PA",44138,"josephrbidenjr","44103",44109,"ipsos",605,"lv",0.7592051,0.0240902,50,50.44366,50.68629,NA,70585,131968
2020,"PA",44138,"josephrbidenjr","44085",44090,"ipsos",611,"lv",0.8740835,0,49,49.4436,50.39291,NA,69626,129812
2020,"NC",44138,"josephrbidenjr","44125",44131,"isos",647,"lv",0.6158097,0.4079825,49,49.51072,49.46658,NA,72059,135092
2020,"NC",44138,"josephrbidenjr","44118",44124,"ipsos",660,"lv",0.6215126,0.1974436,49,49.51072,49.45313,NA,71463,133846
2020,"NC",44138,"josephrbidenjr","44111",44117,"ipsos",660,"lv",0.6602848,0.1163536,48,48.5104,48.49193,NA,70786,132431
2020,"NC",44138,"josephrbidenjr","44103",44110,"ipsos",601,"lv",0.7594614,0,47,47.50981,47.72636,NA,70616,132032
2020,"NC",44138,"josephrbidenjr","44085",44090,"ipsos",586,"lv",0.851409,0,47,47.50981,48.51365,NA,69662,129867
2020,"NC",44138,"josephrbidenjr","44072",44087,"kaiserfamilyfoundation",1172,"rv",1.67781,0,45,46.46817,47.55017,NA,69502,129468
2020,"PA",44138,"josephrbidenjr","44074",44081,"maristcollege",771,"lv",1.560091,0,53,52.2066,53.27057,NA,68532,128302
2020,"NC",44138,"josephrbidenjr","44129",44132,"maristcollege",800,"lv",1.611677,1.401502,52,50.69932,50.71867,NA,72331,135702
2020,"NC",44138,"josephrbidenjr","44026",44034,"maristcollege",882,"rv",1.553549,0,51,50.58697,51.8398,NA,67669,126680
2020,"NC",44138,"josephrbidenjr","44128",44131,"meetingstreetresearch",600,"lv",0.7014403,0.5870991,48,49.04302,48.99615,NA,72397,135837
2020,"NC",44138,"josephrbidenjr","44120",44123,"meredithcollege",732,"lv",0.8143851,0.3099262,48.1,48.35454,48.31055,NA,71746,134425
2020,"NC",44138,"josephrbidenjr","44092",44096,"meredithcollege",705,"rv",0.7444701,0,45.7,46.83889,47.67994,NA,70010,130412
2020,"PA",44138,"josephrbidenjr","44104",44108,"monmouthuniversity",500,"lv",1.129217,0.0941015,53.5,53.07961,53.23301,NA,70599,131998
2020,"PA",44138,"josephrbidenjr","44071",44074,"monmouthuniversity",400,"lv",0.9060031,0,48.5,48.07876,49.19991,NA,68319,127965
2020,"PA",44138,"josephrbidenjr","44021",44025,"monmouthuniversity",401,"lv",0.9082416,0,51.5,51.07862,52.36125,NA,67101,125391
2020,"NC",44138,"josephrbidenjr","44112",44115,"monmouthuniversity",500,"lv",1.129217,0.2398337,49.5,49.33411,49.29909,NA,70780,132414
2020,"NC",44138,"josephrbidenjr","44072",44075,"monmouthuniversity",401,"lv",0.9082416,0,48,47.83427,48.98732,NA,68464,128156
2020,"NC",44138,"josephrbidenjr","44072",44081,"morningcon",1,"lv",0.9601743,0,48,47.84831,48.95636,"T",68548,128325
2020,"PA",44138,NA,"44115",44124,"morningconsult",NA,NA,NA,NA,NA,NA,NA,NA,NA,NA
2020,"PA",44138,"josephrbidenjr","44106",44115,"morningconsult",2610,"lv",0.9761202,0.1626984,52,51.83825,51.85999,"T",70760,132369
2020,"PA",44138,"josephrbidenjr","44072",44081,"morningconsult",2227,"lv",1.041242,0,50,49.8381,50.89816,"T",68550,128327
2020,"PA",44138,"josephrbidenjr","44064",44073,"morningconsult",2158,"lv",0.9042551,0,49,48.83814,49.97576,"T",68296,127917
2020,"PA",44138,"josephrbidenjr","44050",44059,"morningconsult",1777,"lv",1.156262,0,50,49.8381,50.78598,"T",68285,127906
2020,"PA",44138,"josephrbidenjr","43968",43977,"morningconsult",2120,"lv",1.211936,0,48,47.83828,49.98344,"T",67801,126887
2020,"PA",44138,"josephrbidenjr","44029",44038,"morningconsult",2092,"lv",1.207903,0,50,49.8381,51.04383,"T",67693,126757
2020,"NC",44138,"josephrbidenjr","44115",44124,"morningconsult",1904,"lv",0.8454283,0.2437091,50,49.84815,49.77348,"T",71643,134215
2020,"NC",44138,"josephrbidenjr","44106",44115,"morningconsult",1993,"lv",0.9278,0.0959775,50,49.84815,49.86258,"T",70758,132367
2020,"NC",44138,"josephrbidenjr","44064",44073,"morningconsult",1567,"lv",0.7512193,0,49,48.84819,49.98857,"T",68295,127916
2020,"NC",44138,"josephrbidenjr","44050",44059,"morningconsult",1493,"lv",0.9235623,0,49,48.84819,49.84546,"T",68284,127905
2020,"NC",44138,"josephrbidenjr","44057",44066,"morningconsult",1541,"lv",0.8652651,0,49,48.84819,49.91556,NA,68178,127696
2020,"NC",11111,"josephrbidenjr","43968",43977,"morningconsult",1403,"lv",1.074904,0,46,45.84879,47.94419,"T",67799,126885
2020,"NC",44138,"josephrbidenjr","44029",44038,"morningconsult",1504,"lv",1.099591,0,47,46.84851,48.03346,"T",67691,126755
2020,"PA",44138,"josephrbidenjr","NA",44132,"muhlenbergcollege",419,"lv",0.8897241,0.7177963,49,48.76827,48.80106,NA,72401,135851
2020,"PA",44138,"josephrbidenjr","44117",44124,"muhlenbergcollege",416,"lv",0.8795891,0.344908,51,50.76825,50.75404,NA,71736,134408
2020,"PA",44138,"josephrbidenjr","44054",44060,"muhlenbergcollege",416,"lv",0.8952302,0,49,48.76827,49.77896,NA,68138,127631
2020,"PA",44138,"josephrbidenjr","44045",44047,"onmessageinc",400,"lv",0.5514615,0,50,51.21359,52.31232,NA,68115,127579
2020,"PA",44138,"josephrbidenjr","44129",44129,"opinionsavvyinsideradvantage",400,"lv",0.5188181,0.4033109,45.5,46.92356,46.90091,NA,71969,134912
2020,"PA",44138,"josephrbidenjr","44116",44117,"opinionsavvyinsideradvantage",400,"lv",0.6001908,0.1826773,45.8,47.22436,47.17924,NA,71099,133095
2020,"PA",44138,"josephrbidenjr","44132",44133,"publicpolicypolling",1012,"v",NA,NA,NA,NA,NA,NA,NA,NA
2020,"PA",44138,"josephrbidenjr","44125",44126,"publicpolicypolling",890,"v",0.7324647,0.3803294,51,49.69312,49.60751,NA,71678,134285
2020,"NC",44138,"josephrbidenjr","44130",44131,"publicpolicy",937,"v",0.9492856,0.8254917,51,49.85094,49.84616,NA,72057,135090
2020,"NC",44138,"josephrbidenjr","44108",44109,"publicpolicypolling",911,"v",1.22716,0.0651589,50,49.32602,49.42479,NA,70576,131666
2020,"NC",44138,"josephrbidenjr","44042",44043,"publicpolicypolling",934,"v",0.7350445,0,49,47.85161,48.99701,NA,67985,127305
2020,"NC",0,"josephrbidenjr","44035",44036,"publicpolicypolling",884,"v",0.6633006,0,49,47.85161,49.04854,NA,67789,126872
2020,"NC",44138,"josephrbidenjr","44019",44020,"publicpolicypolling",818,"v",0.9859976,0,50,49.32602,50.51114,NA,67044,125267
2020,"PA",44138,"biden","44127",44131,"quinnipiacuniversity",1324,"lv",1.659661,1.286813,51,49.90831,49.87751,NA,72222,135487
2020,"PA",44138,"josephrbidenjr","44120",44123,"quinnipiacuniversity",1241,"lv",1.510332,0.6092092,51,49.90831,49.83975,NA,71555,134042
2020,"PA",44138,"josephrbidenjr","44105",44109,"quinnipiacuniversity",1211,"lv",1.664769,0.1642187,54,52.91157,53.04825,NA,70649,132109
2020,"PA",44138,"josephrbidenjr","44071",44075,"quinnipiacuniversity",1107,"lv",1.636533,0,52,50.90884,52.0364,NA,68466,128167
2020,"PA",44138,"josephrbidenjr","44122",44123,"rasmussenreportspulseopinionresearch",800,"lv",0.7878715,0.3413029,50,50.41825,50.3406,NA,71457,133838
2020,"PA",44138,"josephrbidenjr","44068",44070,"rasmussenreportspulseopinionresearch",1000,"lv",1.034299,0,47.82,48.23784,49.39486,NA,68461,128152
2020,"PA",44138,"josephrbidenjr","44027",44028,"rasmussenreportspulseopinionresearch",750,"lv",0.8990448,0,51,51.4181,52.69289,NA,67600,126475
2020,"NC",44138,"josephrbidenjr","44124",44125,"rasmussenreportspulseopinionresearch",800,"lv",0.772267,0.3594338,48,48.5744,48.50755,NA,71662,134249
2020,"NC",44138,"josephrbidenjr","44081",44082,"rasmussenreportspulseopinionresearch",1000,"lv",1.034299,0,47.94,48.51437,49.59297,NA,69408,129258
2020,"NC",44138,"josephrbidenjr","44049",44050,"rasmussenreportspulseopinionresearch",750,"lv",0.8990448,0,47.26,47.83395,48.9149,NA,67984,127302
2020,"PA",44138,"josephrbidenjr","44108",44110,"redfieldwiltonstrategies",927,"lv",0.4569446,0.0530524,49,49.72314,49.80518,NA,70709,132263
2020,"PA",44138,"josephrbidenjr","44097",44099,"redfieldwiltonstrategies",1015,"lv",0.6559113,0,50,50.72319,51.33795,NA,70126,130653
2020,"PA",44138,"josephrbidenjr","44086",44088,"redfieldwiltonstrategies",1036,"lv",0.6157321,0,49,49.72314,50.66599,NA,69546,129564
2020,"PA",44138,"josephrbidenjr","44059",44060,"redfieldwiltonstrategies",1006,"lv",0.8404686,0,48,48.72272,49.71105,NA,68157,127658
2020,"PA",44138,"josephrbidenjr","44031",44033,"redfieldwiltonstrategies",1016,"lv",0.8434952,0,48,48.72272,49.95597,NA,67841,126985
2020,"NC",44138,"josephrbidenjr","44108",44110,"redfieldwiltonstrategies",938,"lv",0.4888562,0.0228328,49,50.11975,50.20273,NA,70707,132261
2020,"NC",44138,"josephrbidenjr","44097",44100,"redfieldwiltonstrategies",1097,"lv",0.6668124,0,47,48.11811,48.74291,NA,70124,130651
2020,"NC",44138,"josephrbidenjr","44086",44089,"redfieldwiltonstrategies",1092,"lv",0.6404983,NA,47,48.11811,49.1132,NA,69545,129563
2020,"NC",44138,"josephrbidenjr","44073",44077,"redfieldwiltonstrategies",951,"lv",0.6910198,0,43,44.10795,45.24002,NA,68523,128288
2020,"NC",44138,"josephrbidenjr","44059",44060,"redfieldwiltonstrategies",967,"lv",0.8282902,0,44,45.11135,46.13823,NA,68156,127657
2020,"NC",44138,"josephrbidenjr","44031",44033,"redfieldwiltonstrategies",919,"lv",0.8124298,0,43,44.10795,45.30535,NA,67839,126983
2020,"NC",44138,"josephrbidenjr","43996",43999,"redfieldwiltonstrategies",902,"lv",0.8065658,0,46,47.11643,48.23368,NA,66905,124932
2020,"PA",44138,"josephrbidenjr","44129",44131,"rmgresearch",800,"lv",0.8138771,0.6569993,51,51.44563,51.43074,NA,72169,135361
2020,"PA",44138,"josephrbidenjr","44111",44116,"rmgresearch",800,"lv",0.8066381,0.1876525,49,49.44573,49.45204,NA,70988,132833
2020,"NC",44138,"josephrbidenjr","44128",44130,"rmgresearch",800,"lv",0.8138771,0.6546736,48,48.77704,48.75361,NA,72054,135084
2020,"NC",44138,"josephrbidenjr","44111",44115,"rmgresearch",800,"lv",0.8106462,0.1397044,47,47.77621,47.7742,NA,70797,132449
2020,"PA",44138,"josephrbidenjr","44104",44106,"sienacollegethenewyorktimesupshot",706,"lv",1.443402,0.0952916,49,49.56757,49.75958,NA,70501,131409
2020,"PA",44138,"josephrbidenjr","44099",44101,"sienacollegethenewyorktimesupshot",711,"lv",1.453092,0,49,49.56757,50.12949,NA,70017,130426
2020,"NC",44138,"josephrbidenjr","44113",NA,"sienacollegethenewyorktimesupshot",627,"lv",1.314971,0.304192,46,46.64479,46.60834,NA,70998,132861
2020,"NC",44138,"josephrbidenjr","44085",44090,"sienacollegethenewyorktimesupshot",653,"lv",1.382465,NA,45,45.64341,46.64757,NA,69525,129508
2020,"PA",44138,"josephrbidenjr","44027",44032,"sprystrategies",700,"lv",0.7138253,0,47.02,48.81589,50.07093,NA,67628,126528
2020,"NC",44138,"josephrbidenjr","44024",44028,"sprystrategies",700,"lv",0.7138253,0,45.52,47.18867,48.39563,NA,67627,126527
2020,"PA",44138,"josephrbidenjr","44119",44124,"ssrs",843,"lv",1.169078,0.493046,53,52.09893,52.03399,NA,71564,134058
2020,"NC",44138,"josephrbidenjr","44127",44134,"ssrs",901,"lv",1.216466,1.057829,51,50.19704,50.17222,NA,72418,135883
2020,"NC",44138,"josephrbidenjr","44083",44087,"ssrs",787,"lv",1.120816,0,49,48.19737,49.22852,NA,69462,129368
2020,"PA",44138,"josephrbidenjr","44119",44123,"suffolkuniversity",500,"lv",1.00103,0.3946089,48.6,49.06382,49.00854,NA,71533,133979
2020,"NC",44138,"josephrbidenjr","44085",44088,"suffolkuniversity",500,"lv",1.00103,0,46.8,47.10757,48.11973,NA,69504,129473
2020,"PA",44138,"josephrbidenjr","NA",44133,"surveymonkey",5786,"lv",0.0335261,0.020618,52,50.68518,50.65336,"T",72357,135797
20,"PA",44138,"josephrbidenjr","44105",44132,"surveymonkey",1,"lv",0.4175465,0.1340907,52,50.68518,50.64987,"T",72254,135594
2020,"PA",44138,"josephrbidenjr","44104",44131,"surveymonkey",10250,"lv",0.0281149,0.0085503,52,50.68518,50.65254,"T",72100,135227
2020,"PA",44138,"josephrbidenjr","44102",44129,"surveymonkey",9986,"lv",0.0694859,0.0157106,52,50.68518,50.68615,"T",71990,134993
2020,"PA",44138,"josephrbidenjr","44101",44128,"surveymonkey",9903,"lv",0.0367122,0.0077331,52,50.68518,50.69996,"T",71905,134819
2020,"PA",44138,"josephrbidenjr","44100",44127,"surveymonkey",9777,"lv",0.039128,0.0076056,52,50.68518,50.71483,"T",71838,134684
2020,"PA",44138,"josephrbidenjr","44099",44126,"surveymonkey",9615,"lv",0.0476144,0.006119,52,50.68518,50.77949,"T",71777,134553
2020,"PA",44138,"josephrbidenjr","44098",44125,"surveymonkey",9301,"lv",0.0464236,0.0055268,52,50.68518,50.79485,"T",71694,134354
2020,"PA",44138,"josephrbidenjr","44096",44124,"surveymonkey",9131,"lv",0.089875,0.0097267,52,50.68518,50.81253,"T",71581,134129
2020,"PA",44138,"josephrbidenjr","44095",44123,"surveymonkey",8803,"lv",0.0452541,0.0043384,52,50.68518,50.83089,"T",71479,133917
2020,"PA",44138,"josephrbidenjr","44095",44122,"surveymonkey",8532,"lv",0,0,53,51.68642,51.85089,"T",71394,133733
2020,"PA",44138,"josephrbidenjr","44093",44121,"surveymonkey",8360,"lv",0.0942056,0.0064614,53,51.68642,51.87418,"T",71312,133572
2020,"PA",44138,"josephrbidenjr","44093",44120,"surveymonkey",8250,"lv",0,0,53,51.68642,51.89918,"T",71254,133455
20,"PA",44138,"josephrbidenjr","44092",44119,"surveymonkey",7804,"lv",0.0514985,0.0021273,53,51.68642,51.92569,"T",71193,133328
2020,"PA",44138,"josephrbidenjr","44091",44118,"surveymonkey",7258,"lv",0.0514726,0.0014234,52,50.68518,50.95111,"T",71119,133178
2020,"PA",44138,"josephrbidenjr","44090",44117,"surveymonkey",6946,"lv",0.0538964,0.0007444,52,50.68518,50.97828,"T",71025,132971
2020,"PA",44138,"josephrbidenjr","44089",44116,"surveymonkey",6613,"lv",0.0548532,0,52,50.68518,51.00731,"T",70963,132793
2020,"PA",44138,"josephrbidenjr","43990",44012,"surveymonkey",2184,"lv",0.6113764,0,50.14,48.82467,50.0032,NA,70459,131313
2020,"PA",44138,"josephrbidenjr","44013",44043,"surveymonkey",4208,"lv",0.6495393,0,50.29,48.97462,50.28554,NA,70409,131211
2020,"PA",44138,"josephrbidenjr","44044",44074,"surveymonkey",3531,"lv",0.641258,0,52.76,51.44606,52.54606,NA,70359,131109
20,"PA",44138,"josephrbidenjr","44075",44104,"surveymonkey",4613,"lv",0.5576418,0,51.74,50.42497,51.25911,"T",70307,131002
2020,"NC",44138,"josephrbidenjr","44120",44133,"surveymonkey",5356,"lv",0.034702,0.0214054,51,49.35719,49.33493,"T",72368,135808
2020,"NC",44138,"josephrbidenjr","44104",44131,"surveymonkey",8354,"lv",0.027237,0.007383,51,49.35719,49.32861,"T",72111,135238
2020,"NC",44138,"josephrbidenjr","44101",44129,"surveymonkey",7766,"lv",0.0952857,0.017224,52,50.35776,50.35212,"T",72001,135004
2020,"NC",44138,"josephrbidenjr","44101",44128,"surveymonkey",7620,"lv",0,0,52,50.35776,50.36425,"T",71916,134830
2020,"NC",44138,"josephrbidenjr","44099",44127,"surveymonkey",7530,"lv",0.0723681,0.0104121,52,50.35776,50.3774,"T",71849,134695
2020,"NC",44138,"josephrbidenjr","44099",44126,"surveymonkey",7271,"lv",0,0,52,50.35776,50.43579,"T",71788,134564
2020,"NC",44138,"josephrbidenjr","44098",44125,"surveymonkey",7119,"lv",0.0468773,0.0026509,52,50.35776,50.45454,"T",71705,134365
2020,"NC",44138,"josephrbidenjr","44097",44124,"surveymonkey",6850,"lv",0.0461326,0.0019437,52,50.35776,50.47496,"T",71592,134140
2020,"NC",44138,"josephrbidenjr","44095",44123,"surveymonkey",6483,"lv",0.087368,0.0023439,52,50.35776,50.49634,"T",71490,133928
2020,"NC",44138,"josephrbidenjr","44095",44122,"surveymonkey",6225,"lv",0,0,52,50.35776,50.51808,"T",71405,133745
2020,"NC",44138,"josephrbidenjr","44094",44121,"surveymonkey",6100,"lv",0.0469036,0,52,50.35776,50.54639,"T",71323,133583
2020,"NC",44138,"josephrbidenjr","44093",44120,"surveymonkey",5989,"lv",0.0483673,0,52,50.35776,50.5706,"T",71265,133466
2020,"NC",44138,"josephrbidenjr","44092",44119,"surveymonkey",5735,"lv",0.0493451,0,52,50.35776,50.59957,"T",71204,133339
2020,"NC",44138,"josephrbidenjr","44090",NA,"surveymonkey",5387,"lv",0.0959435,0,52,50.35776,50.63032,"T",71130,133189
2020,"NC",44138,"josephrbidenjr","44089",NA,"surveymonkey",5112,"lv",0.0501925,0,52,50.35776,50.66297,"T",71036,132982
2020,"NC",44138,"josephrbidenjr","44089",44116,"surveymonkey",4912,"lv",0,0,52,50.35776,50.69674,"T",70958,132788
2020,"NC",44138,"josephrbidenjr","43990",44012,"surveymonkey",1498,"lv",0.5789885,0,49.22,47.57825,48.6743,NA,70470,131324
2020,"NC",44138,"josephrbidenjr","44013",44043,"surveymonkey",3466,"lv",0.6403064,0,48.59,46.94926,48.19425,NA,70419,131222
2020,"NC",44138,"josephrbidenjr","44044",44074,"surveymonkey",2914,"lv",0.6306757,0,48,46.36051,47.4614,NA,70369,131120
2020,"NC",44138,"josephrbidenjr","44075",44104,"surveymonkey",3475,"lv",0.5397518,0,52.21,50.56799,51.45257,"T",70318,131013
2020,"NC",44138,"josephrbidenjr","44127",44130,"surveyusa",627,"lv",1.253385,1.008209,48,47.55069,47.54078,NA,72061,135097
2020,"NC",44138,"josephrbidenjr","44112",44115,"surveyusa",669,"lv",1.314094,0.2782566,50,49.55013,49.53636,NA,70743,132432
2020,"NC",44138,"josephrbidenjr","44084",44087,"surveyusa",596,"lv",1.198986,0,47,46.55131,47.5979,NA,69444,129337
2020,"NC",44138,"josephrbidenjr","44111",44115,"susquehannapollingresearchinc",500,"lv",0.6815998,0.1176212,48,48.36422,48.36791,NA,70990,132847
2020,"PA",20,"josephrbidenjr","44127",44130,"swayable",491,"l",0.2296114,0.1783648,51.9,51.66276,51.64037,NA,72307,135647
2020,"PA",44138,"josephrbidenjr","44077",44080,"targetsmartwilliammary",835,"lv",0.8708358,0,51,50.74911,51.80082,NA,69392,129237
2020,"PA",44138,"josephrbidenjr","NA",44129,"trafalgargroup",1076,"lv",0.3942119,0.3050823,47.6,50.04585,50.01465,NA,72337,135721
2020,"PA",44138,"josephrbidenjr","44117",44119,"trafalgargroup",1041,"lv",0.3471905,0.1063408,47.5,49.9457,49.88797,NA,71366,133641
2020,"PA",44138,"josephrbidenjr","44114",44116,"trafalgargroup",1034,"lv",0.3652195,0.0974395,47.4,49.84554,49.80641,NA,70773,132394
2020,"PA",44138,"josephrbidenjr","44092",44095,"trafalgargroup",1006,"lv",0.4208126,0,48.1,50.54643,51.3217,NA,69966,130296
2020,"PA",44138,"josephrbidenjr","44089",44091,"trafalgargroup",1006,"lv",0.4208126,0,47.3,49.74536,50.63671,NA,69568,129614
2020,"PA",44138,"josephrbidenjr","44011",44014,"trafalgargroup",1062,"lv",0.6611881,0,48,50.44634,51.64483,NA,66997,125183
2020,"NC",44138,"josephrbidenjr","44124",44126,"trafalgargroup",1098,"lv",0.5136473,0.2365379,46,48.00235,47.93728,NA,71891,134752
2020,"NC",44138,"josephrbidenjr","44083",44085,"trafalgargroup",1046,"lv",0.6584518,0,46.1,48.10265,49.15794,NA,69442,129335
2020,"NC",44138,"josephrbidenjr","44092",44099,"universityofmassachusettslowell",921,"lv",1.369749,0,47.5,47.82693,48.58702,NA,70044,130466
2020,"PA",44138,"josephrbidenjr","44121",44129,"univisionlatinodecisionsnorthstaropinionresearch",723,"rv",0.7916517,0.4646651,50,50.76165,50.70881,NA,72150,135277
2020,"PA",44138,"josephrbidenjr","44109",44113,"whitmaninsightstrategies",517,"lv",0.6249694,0.1249939,51,50.87439,50.91649,NA,70736,132328
2020,"PA",44138,"josephrbidenjr","44117",44125,"yougov",669,"lv",0.4928795,0.1858421,52,51.93066,51.88079,NA,71947,134866
2020,"PA",44138,"josephrbidenjr","44104",44106,"yougov",1187,"lv",1.099269,0.0666887,51,50.93061,51.13213,NA,70548,131595
2020,"PA",44138,"josephrbidenjr","44084",44095,"yougov",642,"lv",0.9724195,0,49,48.93061,49.83854,NA,69715,130005
2020,"PA",44138,"josephrbidenjr","44039",44049,"yougov",742,"rv",0.6734251,0,50,50.81877,51.94977,NA,67969,127273
2020,"PA",44138,"josephrbidenjr","44047",44050,"yougov",1211,"lv",1.190209,0,49,48.93061,50.00671,NA,67962,127266
2020,"NC",44138,"josephrbidenjr","44124",44127,"yougov",1022,"lv",1.082115,0.6437211,51,50.99104,50.94944,NA,71889,134747
2020,"NC",44138,"josephrbidenjr","44096",44099,"yougov",1213,"lv",1.411611,0,48,47.99105,48.6738,NA,69992,130352
2020,"NC",44138,"josephrbidenjr","44040",44043,"yougov",1129,"lv",1.360219,0,48,47.99105,49.14478,NA,67859,127044
2020,"PA",44138,"josephrbidenjr","44033",44035,"zogbyinteractivejzanalytics",809,"lv",0.9108042,0,44,45.61366,46.83666,NA,67916,127142
2020,"NC",44138,"josephrbidenjr","44033",44035,"zogbyinteractivejzanalytics",809,"lv",0.9108042,0,44,45.16585,46.36098,NA,67917,127143
2020,"PA",44138,NA,NA,NA,NA,NA,NA,NA,NA,NA,NA,NA,NA,NA,NA
2020,"PA",44138,NA,NA,NA,NA,NA,NA,NA,NA,NA,NA,NA,NA,NA,NA
2020,"NC",44138,"josephrbidenjr","44132",44133,NA,800,"lv",0.8310384,0.7756604,47,47.57376,47.56439,NA,72326,135691
2020,"NC",44138,"josephrbidenjr","44131",44132,NA,750,"lv",0.868606,0.7836514,45.9,46.51174,46.49648,NA,72321,135682
2020,"NC",44138,"josephrbidenjr","44127",44130,NA,396,"lv",0.2462258,0.1975596,50.2,49.43082,49.4129,NA,72303,135643
2020,"NC",44138,"josephrbidenjr","44105",44132,NA,8720,"lv",0.4078603,0.118292,52,50.35776,50.32813,"T",72265,135605
2020,"NC",44138,"josephrbidenjr","44130",44133,NA,903,"lv",0.9176647,0.827912,49,49.4188,49.41081,NA,72236,135522
2020,"NC",44138,"josephrbidenjr","44127",44131,NA,1034,"lv",2.090692,1.68154,48,48.64655,48.62294,NA,72215,135476
2020,"NC",44138,"josephrbidenjr","44124",44130,NA,911,"lv",1.36006,0.8723148,48,48.32711,48.28825,NA,72207,135447
2020,"WY",44138,"josephrbidenjr","44124",44136,"surveymonkey",330,"lv",0.165557,0.165557,33,31.85685,31.8563,"T",72663,136416
2020,"WY",44138,"josephrbidenjr","44122",44135,"surveymonkey",361,"lv",0.0257641,0.0256049,34,32.84583,32.83956,"T",72525,136147
2020,"WY",44138,"josephrbidenjr","44121",44134,"surveymonkey",378,"lv",0.0134396,0.0132735,33,31.85685,31.85175,"T",72424,135950
2020,"WY",44138,"josephrbidenjr","44120",44133,"surveymonkey",1,"lv",400,0.013703,33,31.85685,31.85221,"T",72345,135785
2020,"WY",44138,"josephrbidenjr","44112",44132,"universityofwyoming",614,"lv",NA,NA,NA,NA,NA,NA,72334,135714
2020,"WY",44138,"josephrbidenjr","44105",44132,"surveymonkey",739,"lv",0.1867351,0.1717317,31,29.88091,29.88982,"T",72242,135582
2020,"WY",44138,"biden","44104",44131,"surveymonkey",713,"lv",0.0119884,0.0109511,32,30.86854,30.87991,"T",72088,135215
2020,"WY",44138,"josephrbidenjr","44102",44129,"surveymonkey",654,"lv",0.021818,0.0192559,31,29.88091,29.91348,"T",71978,134981
2020,"WI",44138,"josephrbidenjr","44070",44079,"morningconsult",763,"lv",0.0688391,0,50,49.89547,51.03762,"T",68496,128232
2020,"WI",44138,"josephrbidenjr","44076",44078,"yougov",978,"lv",1.16881,0,50,50.24722,51.38994,NA,68495,128231
2020,"WI",44138,"josephrbidenjr","44069",44078,"morningconsult",775,"lv",0.0720719,0,51,50.89549,52.0688,"T",68490,128220
2020,"WI",44138,"josephrbidenjr","44068",44077,"morningconsult",797,"lv",0.0763917,0,52,51.89557,53.08863,"T",68488,128216
2020,"WI",44138,"josephrbidenjr","44060",44063,"hodasassociates",600,"lv",0.7015365,0,51.91,51.30148,52.5119,NA,68485,128206
2020,"WI",44138,"josephrbidenjr","44067",44076,"morningconsult",1,"lv",0.0799419,0,52,51.89557,53.1062,"T",68471,128182
2020,"WI",44138,"josephrbidenjr","44066",44075,"morningconsult",809,"lv",0.0812179,0,52,51.89557,53.11373,"T",68457,128143
2020,"WI",44138,"josephrbidenjr","44065",44074,"morningconsult",819,"lv",0.0840924,0,53,52.8957,54.11799,"TR",68456,128142
20,"WI",44138,"josephrbidenjr","44063",44072,"morningconsult",797,"lv",0.0865649,0,51,50.89549,52.12911,"T",68455,128141
20,"WI",44138,"josephrbidenjr","44062",44071,"morningconsult",797,"lv",0.0889819,0,51,50.89549,52.13099,"T",68454,128140
2020,"WI",44138,"josephrbidenjr","44061",44070,"morningconsult",NA,NA,NA,NA,NA,NA,NA,NA,NA,NA
2020,"WI",44138,"josephrbidenjr","44060",44069,"morningconsult",797,"lv",0.0870957,0,52,51.89557,53.11942,"T",68452,128138
2020,"WI",44138,"josephrbidenjr","44059",44068,"morningconsult",797,"lv",0.0836143,0,NA,50.89549,52.11339,"T",68451,128137
2020,"WI",44138,"josephrbidenjr","44058",44067,"morningconsult",797,"lv",0.0807407,0,50,49.89547,51.10677,"T",68450,128136
2020,"WI",44138,"josephrbidenjr","44057",44066,"morningconsult",797,"lv",0.0794119,0,51,50.89549,52.09915,"T",68449,128135
2020,"WI",44138,"josephrbidenjr","44056",44065,"morningconsult",797,"lv",0.0786242,0,50,49.89547,51.08849,"T",68448,128134
2020,"WI",44138,"josephrbidenjr","44055",44064,"morningconsult",797,"lv",0.0778953,0,50,49.89547,51.07835,"T",68447,128133
2020,"WI",44138,"josephrbidenjr","44054",44063,"morningconsult",797,"lv",0.0674295,0,51,50.89549,52.02598,"T",68446,128132
2020,"WI",44138,"josephrbidenjr","44053",44062,"morningconsult",797,"lv",0.0624365,99,51,50.89549,51.99853,"T",68445,128131
2020,"WI",44138,"josephrbidenjr","44052",44061,"morningconsult",797,"lv",0.0581756,0,50,49.89547,50.98494,"T",68444,128130
2020,"WI",44138,"josephrbidenjr","44051",44060,"morningconsult",797,"lv",0.0541751,0,48,47.89558,48.99105,"T",68443,128129
2020,"WI",44138,"josephrbidenjr","44049",44058,"morningconsult",797,"lv",0.1051971,0,50,49.89547,51.00303,"T",68442,128128
2020,"WI",44138,"josephrbidenjr","44048",44057,"morningconsult",797,"lv",0.0532087,0,50,49.89547,51.00856,"T",68441,128127
2020,"WI",44138,"josephrbidenjr","44047",44056,"na",99,"lv",0.053966,0,50,49.89547,51.01786,"T",68440,128126
2020,"WI",44138,"josephrbidenjr","44046",44055,"morningconsult",797,"lv",0.054839,0,50,49.89547,51.03081,"T",68439,128125
2020,"WI",44138,"josephrbidenjr","44045",44054,"morningconsult",797,"lv",0.0572927,0,50,49.89547,51.06627,"T",68438,128124
2020,"WI",44138,"josephrbidenjr","44044",44053,"morningconsult",797,"lv",0.0580641,0,50,49.89547,51.07791,"T",68437,128123
2020,"WI",44138,"josephrbidenjr","44043",44052,"morningconsult",797,"lv",0.0588776,0,50,49.89547,51.08915,"T",68436,128122
2020,"WI",44138,"josephrbidenjr","44042",44051,"morningconsult",797,"lv",0.0598521,0,51,50.89549,52.09869,"T",68435,128121
2020,"WI",44138,"biden","44041",44050,"morningconsult",797,"lv",0.0608936,0,51,50.89549,52.10946,"T",68434,128120
2020,"WI",44138,"josephrbidenjr","44040",44049,"morningconsult",797,"lv",0.0609195,0,51,50.89549,52.12191,"T",68433,128119
2020,"WI",44138,"josephrbidenjr","44039",44048,"morningconsult",797,"lv",0.0608776,0,51,50.89549,52.13704,"T",68432,128118
2020,"WI",44138,"josephrbidenjr","44038",44047,"morningconsult",797,"na",0.0608964,0,51,50.89549,52.14967,"T",68431,128117
2020,"WI",44138,"josephrbidenjr","44037",44046,"morningconsult",797,"lv",0.0609235,0,51,50.89549,52.16029,"T",68430,128116
2020,"WI",44138,"josephrbidenjr","44036",44045,"morningconsult",797,"lv",0.0610143,0,52,51.89557,53.17028,"T",68429,128115
2020,"WI",44138,"josephrbidenjr","44035",44044,"morningconsult",797,"lv",0.0612279,0,51,50.89549,52.18348,"T",68428,128114
2020,"WI",44138,"josephrbidenjr","44034",44043,"morningconsult",797,"lv",0.0616187,0,50,49.89547,51.19632,"T",68427,128113
2020,"NATIONAL",44138,"josephrbidenjr","44114",44116,"surveymonkey",10971,"lv",0.0222101,0.0045781,51.78,50.7513,50.70082,"T",70923,132702
2020,"NATIONAL",44138,"josephrbidenjr","44113",44115,"surveymonkey",19886,"lv",0.0414933,0.007943,51.49,50.46113,50.42536,"T",70922,132701
2020,"NATIONAL",44138,"josephrbidenjr","44112",44114,"surveymonkey",25748,"lv",0.0553771,0.0098171,52.36,51.33177,51.31301,"T",70921,132700
2020,"NATIONAL",44138,"josephrbidenjr","44111",44113,"surveymonkey",34460,"lv",0.0786327,0.0117644,52.74,51.71218,51.73128,"T",70920,132699
2020,"NATIONAL",44138,"josephrbidenjr","44110",44112,"surveymonkey",33925,"lv",0.0801546,0.0107681,53.35,52.32298,52.36193,"T",70919,132698
2020,"NATIONAL",44138,"josephrbidenjr","44109",44111,"surveymonkey",30687,"lv",0.0792478,0.0070191,53.28,52.25288,52.35821,"T",70918,132697
2020,"NATIONAL",44138,"josephrbidenjr","44108",44110,"surveymonkey",20168,"lv",0.0532837,0.0039204,53.26,52.23285,52.36133,"T",70917,132696
2020,"NATIONAL",44138,"josephrbidenjr","44107",44109,"surveymonkey",12691,"lv",0.0345475,0.0020182,52.72,51.69215,51.84409,"T",70916,132695
2020,"NATIONAL",44138,"josephrbidenjr","44106",44108,"surveymonkey",12510,"lv",0.035309,0.0015304,52.33,51.30174,51.47744,"T",70915,132694
2020,"NATIONAL",44138,"josephrbidenjr","44105",44107,"surveymonkey",17645,"lv",0.0515271,0.0014719,52.04,51.01149,51.21507,"T",70914,132693
2020,"NATIONAL",44138,"josephrbidenjr","44104",44106,"surveymonkey",21170,"lv",0.0639868,0.0009017,51.96,50.93142,51.1632,"T",70913,132692
2020,"NATIONAL",44138,"josephrbidenjr","44103",44105,"surveymonkey",24022,"lv",0.0768573,0,52.02,50.99147,51.35799,"T",70912,132691
2020,"NATIONAL",44138,"josephrbidenjr","44102",44104,"surveymonkey",24292,"lv",0.0772955,0,51.78,50.7513,51.1552,"T",70911,132690
2020,"NATIONAL",44138,"josephrbidenjr","44101",44103,"surveymonkey",20951,"lv",0.0633046,0,51.85,50.82134,51.39215,"T",70910,132689
2020,"NATIONAL",44138,"josephrbidenjr","44100",44102,"surveymonkey",15482,"lv",0.0457482,0,51.89,50.86137,51.47955,"T",70909,132688
2020,"NATIONAL",44138,"josephrbidenjr","44099",44101,"surveymonkey",15443,"lv",0.0446186,0,51.74,50.71127,51.3777,"T",70908,132687
2020,"NATIONAL",44138,"josephrbidenjr","44098",44100,"surveymonkey",21047,"lv",0.0595361,0,51.71,50.68125,51.3933,"T",70907,132686
2020,"NATIONAL",44138,"josephrbidenjr","44097",44099,"surveymonkey",23974,"lv",0.0667864,0,52.1,51.07154,51.82502,"T",70906,132685
2020,"NATIONAL",44138,"josephrbidenjr","44096",44098,"surveymonkey",22170,"lv",0.0612739,0,52.37,51.34178,52.13557,"T",70905,132684
2020,"NATIONAL",44138,"josephrbidenjr",NA,NA,"surveymonkey",19097,"lv",NA,0,52.45,51.42186,52.2566,"X",70904,132683
2020,"NATIONAL",44138,"josephrbidenjr","44094",44096,"surveymonkey",13675,"lv",0.0379662,0,52.68,51.65211,52.52618,"T",70903,132682
2020,"NATIONAL",44138,"biden","44093",44095,"surveymonkey",9248,"lv",0.0256242,0,51.45,50.42111,51.33355,"T",70902,132681
2020,"NATIONAL",44138,"josephrbidenjr","44092",44094,"surveymonkey",8738,"lv",0.0241282,0,51.59,50.56118,51.50772,"T",70901,132680
2020,"NATIONAL",44138,"josephrbidenjr","44091",44093,"surveymonkey",12696,"lv",0.034951,99,51.32,50.29105,51.27063,"T",70900,132679
2020,"NATIONAL",44138,"josephrbidenjr","44090",44092,"surveymonkey",16194,"lv",0.0446412,0,52.46,51.43187,52.44317,"T",70899,132678
2020,"NATIONAL",44138,"josephrbidenjr","44089",44091,"surveymonkey",18003,"lv",0.0497573,0,53.08,52.0526,53.09402,"T",70898,132677
2020,"NATL",44138,"josephrbidenjr","44088",44090,"surveymonkey",18332,"lv",0.0509818,0,53.26,52.23285,53.30558,"T",70897,132676
2020,"WI",44138,"josephrbidenjr","44008",44010,"changeresearch",502,"lv",0.5248306,0,51,51.30438,52.63076,NA,66961,125034
2020,"WI",44138,"josephrbidenjr","44005",44007,"trafalgargroup",1021,"lv",0.6540527,0,44.6,47.58689,48.91557,NA,66932,124981
2020,"WI",44138,"josephrbidenjr","43996",44001,"redfieldwiltonstrategies",846,"lv",0.7862581,0,45,45.89742,47.23138,NA,66909,124936
2020,"WI",44138,"josephrbidenjr","43994",43998,"hodasassociates",600,"lv",0.7015365,0,55.33,54.725,56.09633,NA,66901,124920
2020,"WI",44138,"josephrbidenjr","43990",43997,"sienacollegethenewyorktimesupshot",655,"rv",1.218247,0,49,50.18238,51.61221,NA,66897,124899
2020,"WI",44138,"josephrbidenjr","43838",43842,"marquetteuniversitylawschool",701,"lv",1.45004,0,48,48.01514,50.75769,NA,63282,124824
2020,"WI",44138,"josephrbidenjr","43802",43807,"marquetteuniversitylawschool",652,"lv",1.284856,0,49,49.01516,52.14749,NA,63090,124823
2020,"WI",44138,"josephrbidenjr","43782",43786,"marquetteuniversitylawschool",685,"lv",1.375621,0,45,45.01506,47.43135,NA,62674,124822
2020,"WI",44138,"josephrbidenjr","43994",43996,"changeresearch",231,"lv",0.3064567,0,48,48.30422,49.69922,NA,66831,124715
2020,"WI",44138,"josephrbidenjr","43981",43984,"foxnewsbeaconresearchshawcoresearch",801,"rv",1.294408,0,49,50.06056,51.8259,NA,66726,124471
2020,"WI",44138,"josephrbidenjr","43980",43982,"changeresearch",382,"lv",0.4973621,0,45,45.30266,47.1792,NA,66715,124439
2020,"WI",44138,"josephrbidenjr","43961",43965,"redfieldwiltonstrategies",875,"lv",0.7969701,0,48,48.90163,51.48478,NA,66507,123931
2020,"WI",44138,"josephrbidenjr","43957",43959,"hodasassociates",600,"lv",0.7015365,0,51.5,50.8913,53.54177,NA,66402,123703
2020,"WI",44138,"josephrbidenjr","43934",43936,"hodasassociates",600,"lv",0.7015365,0,50,49.39109,51.93487,NA,65908,122094
2020,"WI",44138,"josephrbidenjr","43941",43942,"publicpolicypolling",1415,"v",1.130882,0,50,48.75104,51.24468,NA,65903,122086
2020,"WI",44138,"josephrbidenjr","43936",43941,"ipsos",645,"rv",0.8281578,0,43,44.38225,46.88367,NA,65865,121903
2020,"WI",44138,"josephrbidenjr","43927",43929,"garinhartyangresearchgroup",301,"lv",0.4699908,0,48,46.60241,49.49724,NA,65735,121499
2020,"WI",44138,"josephrbidenjr","43914",43919,"marquetteuniversitylawschool",813,"rv",1.467748,0,48,48.90282,51.76805,NA,65050,120701
2020,"WI",44138,"josephrbidenjr","43907",43909,"hodasassociates",600,"lv",0.7015365,0,46.5,45.89333,48.60472,NA,65003,120541
2020,"WI",44138,"josephrbidenjr","43907",43915,"baldwinwallaceuniversity",822,"rv",0.6705672,0,44.9,46.21757,48.99532,NA,64988,120502
2020,"WI",44138,"josephrbidenjr","43900",43901,"publicpolicypolling",1727,"v",1.749676,0,48,47.4684,50.16145,NA,64807,119955
2020,"WI",44138,"josephrbidenjr","43896",43898,"yougov",459,"rv",0.6826778,0,44,45.12686,47.78362,NA,64768,119818
2020,"WI",44138,"josephrbidenjr","43895",43897,"optimus",502,"lv",0.6686068,0,43.07,44.42627,47.03608,NA,64757,119789
2020,"WI",44138,"josephrbidenjr","43867",43879,"expeditionstrategies",500,"rv",0.6358964,0,42,43.48149,46.23914,NA,64743,119732
2020,"WI",44138,"josephrbidenjr","43880",43884,"marquetteuniversitylawschool",1000,"rv",1.76694,0,46,46.90047,49.70446,NA,64588,119094
2020,"WI",44138,"josephrbidenjr","43872",43881,"yougov",936,"rv",1.123359,0,45,46.12972,48.92914,NA,64500,118781
2020,"WI",44138,"josephrbidenjr","43873",43879,"quinnipiacuniversity",823,"rv",1.210217,0,42,43.12814,45.88309,NA,64472,118606
2020,"WI",44138,"josephrbidenjr","43844",43846,"tarrancegroup",500,"lv",0.8299353,0,47,46.8578,49.60072,NA,63578,117018
2020,"WI",44138,"josephrbidenjr","43835",43838,"foxnewsbeaconresearchshawcoresearch",1504,"rv",2.083902,0,46,47.05737,49.87545,NA,63246,115582
2020,"WI",44138,"josephrbidenjr","43802",43804,"optimus",610,"lv",0.7452961,0,39.08,40.41311,43.37107,NA,63026,114314
2020,"WV",44138,"josephrbidenjr","44124",44136,"surveymonkey",738,"lv",0.3180303,0.3180303,32,31.39679,31.40447,"T",72664,136417
2020,"WV",44138,"josephrbidenjr","44122",44135,"surveymonkey",798,"lv",0.0479016,0.0467876,33,32.39066,32.39459,"T",72526,136148
2020,"WV",44138,"josephrbidenjr","44121",44134,"surveymonkey",805,"lv",0.0236638,0.0225631,32,31.39679,31.40177,"T",72425,135951
2020,"WV",44138,"josephrbidenjr","44120",44133,"surveymonkey",791,"lv",0.0228282,0.0212355,32,31.39679,31.40299,"T",72346,135786
2020,"WV",44138,"josephrbidenjr","44105",44132,"surveymonkey",1359,"lv",0.2470967,0.172393,32,31.39679,31.41024,"T",72243,135583
2020,"WV",44138,"josephrbidenjr","44104",44131,"surveymonkey",1315,"lv",0.0161758,0.0109093,33,32.39066,32.40425,"T",72089,135216
2020,"WV",44138,"josephrbidenjr","44102",44129,"surveymonkey",1271,"lv",0.0341592,0.0190656,33,32.39066,32.41539,"T",71979,134982
2020,"WV",44138,"josephrbidenjr","44101",44128,"surveymonkey",1250,"lv",0.0171968,0.0091983,33,32.39066,32.42422,"T",71894,134808
2020,"WV",44138,"josephrbidenjr","44100",44127,"surveymonkey",1223,"lv",0.0172768,0.0088393,33,32.39066,32.43481,"T",71827,134673
2020,"WV",44138,"josephrbidenjr","44098",44126,"surveymonkey",1203,"lv",0.0369667,0.0154744,33,32.39066,32.48103,"T",71766,134542
2020,"WV",44138,"josephrbidenjr","44123",44124,"tritonpollingresearch",544,"lv",0.5765287,0.4558599,37.9,37.2532,37.26599,NA,71748,134435
2020,"WV",44138,"josephrbidenjr","44098",44125,"surveymonkey",1154,"lv",0,0,32,31.39679,31.50196,"T",71683,134343
2020,"WV",44138,"josephrbidenjr","44097",44124,"surveymonkey",1115,"lv",0.0189664,0.0070573,32,31.39679,31.51932,"T",71570,134118
2020,"WV",44138,"josephrbidenjr","44096",44123,"surveymonkey",1075,"lv",0.0188888,0.0065891,32,31.39679,31.53761,"T",71468,133906
2020,"WV",44138,"josephrbidenjr","44095",44122,"surveymonkey",1020,"lv",0.0185693,0.0060458,33,32.39066,32.55246,"T",71383,133722
2020,"WV",44138,"josephrbidenjr","44094",44121,"surveymonkey",1002,"lv",0.0189597,0.005732,34,33.38488,33.57158,"T",71301,133561
2020,"WV",44138,"josephrbidenjr","44093",44120,"surveymonkey",972,"lv",0.0191807,0.0053528,35,34.37946,34.59286,"T",71243,133444
2020,"WV",44138,"josephrbidenjr","44092",44119,"surveymonkey",914,"lv",0.0188782,0.0048293,34,33.38488,33.62046,"T",71182,133317
2020,"WV",44138,"josephrbidenjr","44090",44118,"surveymonkey",857,"lv",0.0359168,0.0083527,34,33.38488,33.64212,"T",71108,133167
2020,"WV",44138,"josephrbidenjr","44090",44117,"surveymonkey",824,"lv",0,0,34,33.38488,33.66391,"T",71014,132960
2020,"WV",44138,"josephrbidenjr","44089",44116,"surveymonkey",771,"lv",0.0187516,0.0034887,34,33.38488,33.68737,"T",70973,132803
2020,"WV",44138,"josephrbidenjr","44105",44110,"researchamericainc",450,"lv",0.6126379,0.2137109,39,38.51056,38.66589,NA,70703,132427
2020,"WV",44138,"josephrbidenjr","44103",44104,"tritonpollingresearch",525,"rv",0.5731432,0.1066313,38,38.20701,38.52937,NA,70625,132056
2020,"WV",44138,"josephrbidenjr","43990",44012,"surveymonkey",264,"lv",0.1946796,0,27.06,26.49252,27.50639,NA,70448,131302
2020,"WV",44138,"josephrbidenjr","44013",44043,"surveymonkey",494,"lv",0.2843392,0,31.78,31.17819,32.29874,NA,70398,131200
2020,"VT",44138,"josephrbidenjr","44124",44136,"surveymonkey",719,"lv",0.2431795,0.2431795,71,69.32835,69.35448,"T",72667,136420
2020,"VT",44138,"josephrbidenjr","44122",44135,"surveymonkey",737,"lv",0.0353829,0.0350687,71,69.32835,69.34655,"T",72529,136151
2020,"VT",44138,"josephrbidenjr","44121",44134,"surveymonkey",734,"lv",0.017527,0.0172157,70,68.30879,68.33289,"T",72428,135954
2020,"VT",44138,"josephrbidenjr","44120",44133,"surveymonkey",749,"lv",0.0178015,0.0173272,69,67.29033,67.32158,"T",72349,135789
2020,"VT",44138,"josephrbidenjr","44105",44132,"surveymonkey",1167,"lv",0.199798,0.1767308,69,67.29033,67.37616,"T",72246,135586
2020,"VT",44138,"josephrbidenjr","44123",44124,"coefficient",584,"lv",0.5290526,0.486766,62,63.57672,63.69811,NA,72218,135482
2020,"VT",44138,"josephrbidenjr","44104",44131,"surveymonkey",1087,"lv",0.0124457,0.0108983,68,66.27293,66.36275,"T",72092,135219
2020,"VT",44138,"josephrbidenjr","44102",44129,"surveymonkey",1002,"lv",0.0233641,0.0194216,67,65.25658,65.38388,"T",71982,134985
2020,"VT",44138,"josephrbidenjr","44100",44128,"surveymonkey",978,"lv",0.0221187,0.0181899,67,65.25658,65.39809,"T",71897,134811
2020,"VT",44138,"josephrbidenjr","44100",44127,"surveymonkey",969,"lv",0,0,67,65.25658,65.41576,"T",71830,134676
2020,"VT",44138,"josephrbidenjr","44098",44126,"surveymonkey",939,"lv",0.021749,0.0169202,66,64.24128,64.47486,"T",71769,134545
2020,"VT",44138,"josephrbidenjr","44097",44125,"surveymonkey",858,"lv",0.0099644,0.0076635,66,64.24128,64.48678,"T",71686,134346
2020,"VT",44138,"josephrbidenjr","44096",44124,"surveymonkey",829,"lv",0.0096588,0.0073427,66,64.24128,64.50285,"T",71573,134121
2020,"VT",44138,"josephrbidenjr","44096",44123,"surveymonkey",785,"lv",0,0,67,65.25658,65.53284,"T",71471,133909
2020,"VT",44138,"josephrbidenjr","44095",44122,"surveymonkey",769,"lv",0.009348,0.0069405,67,65.25658,65.55186,"T",71386,133725
2020,"VT",44138,"josephrbidenjr","44094",44121,"surveymonkey",759,"lv",0.0092644,0.0067961,67,65.25658,65.57535,"T",71304,133564
2020,"VT",44138,"josephrbidenjr","44093",44120,"surveymonkey",730,"lv",0.008951,0.0064867,67,65.25658,65.60562,"T",71246,133447
2020,"VT",44138,"josephrbidenjr","44092",44119,"surveymonkey",651,"lv",0.008022,0.0057422,67,65.25658,65.63232,"T",71185,133320
2020,"VT",44138,"josephrbidenjr","44091",44118,"surveymonkey",610,"lv",0.0075573,0.0053424,66,64.24128,64.64209,"T",71111,133170
2020,"VT",44138,"josephrbidenjr","44089",44117,"surveymonkey",579,"lv",0.0139316,0.0097249,65,63.22701,63.64939,"T",71017,132963
2020,"VT",44138,"josephrbidenjr","44088",44116,"surveymonkey",557,"lv",0.0067446,0.0046481,65,63.22701,63.67144,"T",70970,132800
2020,"VT",44138,"josephrbidenjr","43990",44012,"surveymonkey",113,"lv",0.1127496,0,74.91,73.32545,74.66182,NA,70451,131305
2020,"VT",44138,"josephrbidenjr","44013",44043,"surveymonkey",368,"lv",0.2985707,0,71.18,69.51198,70.98692,NA,70401,131203
2020,"VT",44138,"josephrbidenjr","44044",44074,"surveymonkey",236,"lv",0.1879181,0.0327104,70.48,68.79805,69.96854,NA,70351,131101
2020,"VT",44138,"josephrbidenjr","44075",44104,"surveymonkey",427,"lv",0.0718191,0.0405657,64.06,62.27453,63.14929,"T",70299,130994
2020,"VT",44138,"josephrbidenjr","44077",44089,"braunresearch",586,"lv",0.8636532,0.4111173,55.73,57.28205,58.2062,NA,69647,129842
2020,"UT",44138,"josephrbidenjr","44124",44136,"surveymonkey",1435,"lv",0.3479773,0.3479773,44,42.30967,42.31537,"T",72669,136422
2020,"UT",44138,"josephrbidenjr","44122",44135,"surveymonkey",1519,"lv",0.0513227,0.0501292,43,41.31608,41.30889,"T",72531,136153
2020,"UT",44138,"josephrbidenjr","44121",44134,"surveymonkey",1511,"lv",0.0249719,0.0238104,43,41.31608,41.30848,"T",72430,135956
2020,"UT",44138,"josephrbidenjr","44119",44128,"y2analytics",660,"lv",0.8780674,0.7555463,44,42.87625,42.75739,NA,72411,135868
2020,"UT",44138,"josephrbidenjr","44120",44133,"surveymonkey",1517,"lv",0.024589,0.0228734,44,42.30967,42.30033,"T",72351,135791
2020,"UT",44138,"josephrbidenjr","44105",44132,"surveymonkey",2783,"lv",0.2747538,0.1916887,43,41.31608,41.32626,"T",72248,135588
2020,"UT",44138,"josephrbidenjr","44104",44131,"surveymonkey",2689,"lv",0.0179548,0.012109,43,41.31608,41.33171,"T",72094,135221
2020,"UT",44138,"josephrbidenjr","44101",44129,"surveymonkey",2466,"lv",0.0520788,0.0290673,45,43.30414,43.36729,"T",71984,134987
2020,"UT",44138,"josephrbidenjr","44101",44128,"surveymonkey",2434,"lv",0,0,45,43.30414,43.38609,"T",71899,134813
2020,"UT",44138,"josephrbidenjr","44100",44127,"surveymonkey",2398,"lv",0.018428,0.0094283,45,43.30414,43.40615,"T",71832,134678
2020,"UT",44138,"josephrbidenjr","44098",44126,"surveymonkey",2340,"lv",0.0393532,0.0164734,45,43.30414,43.49363,"T",71771,134547
2020,"UT",44138,"josephrbidenjr","44116",44121,"rmgresearch",1000,"lv",0.8812282,0.5943167,38,40.51583,40.4575,NA,71445,134418
2020,"UT",44138,"josephrbidenjr","44098",44125,"surveymonkey",2304,"lv",0,0,45,43.30414,43.51869,"T",71688,134348
2020,"UT",44138,"josephrbidenjr","44097",44124,"surveymonkey",2279,"lv",0.0214654,0.0079871,45,43.30414,43.54066,"T",71575,134123
2020,"UT",44138,"josephrbidenjr","44095",44123,"surveymonkey",2239,"lv",0.0425502,0.0148431,45,43.30414,43.56149,"T",71473,133911
2020,"UT",44138,"josephrbidenjr","44095",44122,"surveymonkey",2187,"lv",0,0,45,43.30414,43.58289,"T",71388,133727
2020,"UT",44138,"josephrbidenjr","44093",44121,"surveymonkey",2152,"lv",0.0453486,0.0137101,45,43.30414,43.60603,"T",71306,133566
2020,"UT",44138,"josephrbidenjr","44093",44120,"surveymonkey",2112,"lv",0,0,44,42.30967,42.63916,"T",71248,133449
2020,"UT",44138,"josephrbidenjr","44092",44119,"surveymonkey",2002,"lv",0.0247655,0.0063354,44,42.30967,42.66751,"T",71187,133322
2020,"UT",44138,"josephrbidenjr","44091",44118,"surveymonkey",1913,"lv",0.0254299,0.0059139,44,42.30967,42.69522,"T",71113,133172
2020,"UT",44138,"josephrbidenjr","44090",44117,"surveymonkey",1843,"lv",0.0265493,0.0055568,44,42.30967,42.72319,"T",71019,132965
2020,"UT",44138,"josephrbidenjr","44088",44116,"surveymonkey",1783,"lv",0.0537673,0.0100032,44,42.30967,42.75043,"T",70969,132799
2020,"UT",44138,"josephrbidenjr","44100",44108,"y2analytics",1214,"lv",1.222924,0.2275208,40,38.89613,39.222,NA,70578,131811
2020,"UT",44138,"josephrbidenjr","43990",44012,"surveymonkey",412,"lv",0.2159572,0,41.43,39.7579,41.0206,NA,70453,131307
2020,"UT",44138,"josephrbidenjr","44013",44043,"surveymonkey",1037,"lv",0.3906473,0,39.97,38.31084,39.57855,NA,70403,131205
2020,"UT",44138,"josephrbidenjr","44044",44074,"surveymonkey",893,"lv",0.3912228,0,41.46,39.78765,40.9435,NA,70353,131103
2020,"UT",44138,"josephrbidenjr","44075",44104,"surveymonkey",1192,"lv",0.2716615,0,42.3,40.62108,41.54392,"T",70301,130996
2020,"UT",44138,"josephrbidenjr","44081",44086,"rmgresearch",1000,"lv",0.8857145,0,35,37.46625,38.47118,NA,69438,129462
2020,"UT",44138,"josephrbidenjr","44039",44044,"rmgresearch",1000,"rv",0.8440243,0,31,34.20826,35.244,NA,67870,127241
2020,"UT",44138,"josephrbidenjr","43960",43966,"y2analytics",1078,"lv",1.063363,0,39.4,38.29992,40.84112,NA,66525,123970
2020,"UT",44138,"josephrbidenjr","43936",43942,"rmgresearch",964,"rv",0.6436153,0,32,35.23944,37.68404,NA,65940,122163
2020,"UT",44138,"josephrbidenjr","43911",43920,"y2analytics",1266,"lv",1.18056,0,41,39.89028,42.23905,NA,65728,121489
2020,"UT",44138,"josephrbidenjr","43885",43891,"rmgresearch",1000,"rv",0.5939063,0,33,36.26863,38.13718,NA,64734,119714
2020,"UT",44138,"josephrbidenjr","43845",43852,"rmgresearch",1017,"rv",0.6478483,0,31,34.20826,36.32998,NA,63405,116395
2020,"TX",44138,"josephrbidenjr","44131",44137,"swayable",1151,"lv",0.4886183,0.4725775,47.2,47.09702,47.11913,NA,72774,136556
2020,"SC",44138,"josephrbidenjr","44096",44099,"yougov",1080,"lv",1.328531,0,42,42.42631,43.00054,NA,69993,130353
2020,"SC",44138,"josephrbidenjr","44085",44094,"morningconsult",764,"lv",0.84002,0,44,44.00369,44.80875,"T",69637,129829
2020,"SC",44138,"josephrbidenjr","44084",44088,"quinnipiacuniversity",969,"lv",1.367824,0,45,44.39022,45.28009,NA,69491,129444
2020,"SC",44138,"josephrbidenjr","44042",44046,"quinnipiacuniversity",914,"rv",1.306128,0,42,42.26971,43.25962,NA,67951,127225
2020,"SC",44138,"josephrbidenjr","44036",44045,"morningconsult",741,"lv",0.8276941,0,44,44.00369,45.00088,"T",67881,127091
2020,"SC",44138,"josephrbidenjr","44027",44032,"algresearch",591,"lv",0.5650506,0,45,43.42951,44.4605,NA,67684,126743
2020,"SC",44138,"josephrbidenjr","44025",44031,"brilliantcornersresearchstrategies",800,"lv",0.8041003,0,43,42.00259,43.03441,NA,67677,126709
2020,"SC",44138,"josephrbidenjr","44029",44029,"gravismarketing",604,"lv",0.7638013,0,46,45.50649,46.57328,NA,67578,126433
2020,"SC",44138,"josephrbidenjr","43974",43977,"civiqs",591,"rv",0.6887537,0,42,42.69104,44.33715,NA,66546,124015
2020,"SC",44138,"josephrbidenjr","43886",43889,"atlasintel",1100,"rv",0.9533595,0,41.8,42.94234,44.34124,NA,64622,119272
